trip_id,driver_id,duration_minutes,distance_miles,average_speed_mph,max_speed_mph,harsh_braking_events,harsh_acceleration_events,sharp_cornering_events,phone_usage_seconds,speeding_percent,night_driving,rush_hour,time_of_day,start_zone,end_zone
trip_002,576171927e6853a2,31.983333333333334,0.8041293570378789,40.81656250000001,58.4,89,100,89,1522,0.0,1,0,night,zone_37.8_-122.47,zone_37.8_-122.47
trip_004,5ca1ee59bec791ff,116.98333333333333,2.482620902292774,64.39007122507122,69.4,23,28,26,2999,0.0,0,1,morning_commute,zone_37.81_-122.45,zone_37.8_-122.45
trip_005,47974ba58d62bd82,12.983333333333333,0.1921439396000467,18.671666666666667,25.5,23,22,20,597,0.0,0,0,evening,zone_37.86_-122.51,zone_37.86_-122.51
trip_006,03de60531bb56cc9,5.983333333333333,0.139721933299893,16.490277777777777,24.3,11,11,9,264,0.0,0,1,evening_commute,zone_37.77_-122.5,zone_37.77_-122.5
trip_007,03de60531bb56cc9,14.983333333333333,0.18236068206964232,17.990666666666666,26.7,23,27,17,716,0.0,0,0,midday,zone_37.8_-122.51,zone_37.8_-122.51
trip_008,03de60531bb56cc9,34.983333333333334,1.191676069694589,34.06609523809524,41.4,13,20,19,1163,0.0,0,0,midday,zone_37.82_-122.35,zone_37.82_-122.36
trip_003,c06a7c594ea3c8ba,36.983333333333334,0.41343133118902026,27.34202702702703,31.2,6,3,6,586,0.0,0,0,midday,zone_37.77_-122.41,zone_37.77_-122.41
trip_001,5ca1ee59bec791ff,43.983333333333334,0.6711941688039228,33.80965909090909,40.7,21,13,22,1536,0.0,0,1,evening_commute,zone_37.69_-122.47,zone_37.68_-122.47
