{
  "claim_probability": {
    "random_forest": {
      "test_auc": 0.5,
      "test_pr_auc": 0.025813692480359147,
      "test_f1": 0.0
    }
  },
  "claim_severity": {
    "random_forest": {
      "test_rmse": 15365.876556512385,
      "test_r2": -0.18862464996050377,
      "test_mae": 8799.554859029418
    }
  }
}