{
  "claim_probability": {
    "xgboost": {
      "test_auc": 0.5,
      "test_pr_auc": 0.025533108866442198,
      "test_f1": 0.0
    }
  },
  "claim_severity": {
    "xgboost": {
      "test_rmse": 15964.806717285328,
      "test_r2": -0.20407066233230142,
      "test_mae": 8394.872797645494
    }
  }
}