{
  "prediction_date": "2025-07-12T19:53:36.571105",
  "total_predictions": 17819,
  "statistics": {
    "claim_probability": {
      "mean": 0.023504128901736147,
      "std": 6.93908861702174e-18,
      "min": 0.023504128901736154,
      "max": 0.023504128901736154,
      "percentiles": {
        "25%": 0.023504128901736154,
        "50%": 0.023504128901736154,
        "75%": 0.023504128901736154,
        "90%": 0.023504128901736154,
        "95%": 0.023504128901736154
      }
    },
    "expected_claim_amount": {
      "mean": 91.56985047526746,
      "std": 4.2633760462981565e-14,
      "min": 91.56985047526742,
      "max": 91.56985047526742,
      "total": 1631683.1656187908
    },
    "risk_score": {
      "mean": 4.526971637656402,
      "std": 8.882033429787827e-16,
      "min": 4.526971637656401,
      "max": 4.526971637656401
    }
  },
  "risk_distribution": {
    "Very Low": 17819
  },
  "high_risk_count": 0,
  "model_versions": {
    "claim_probability": "v9",
    "claim_severity": "v6"
  }
}