{
  "prediction_date": "2025-07-12T20:51:01.344227",
  "total_predictions": 5,
  "statistics": {
    "claim_probability": {
      "mean": 0.025818779158507315,
      "std": 0.0,
      "min": 0.025818779158507315,
      "max": 0.025818779158507315,
      "percentiles": {
        "25%": 0.025818779158507315,
        "50%": 0.025818779158507315,
        "75%": 0.025818779158507315,
        "90%": 0.025818779158507315,
        "95%": 0.025818779158507315
      }
    },
    "expected_claim_amount": {
      "mean": 109.55647100397587,
      "std": 0.0,
      "min": 109.55647100397587,
      "max": 109.55647100397587,
      "total": 547.7823550198793
    },
    "risk_score": {
      "mean": 4.943755762180138,
      "std": 0.0,
      "min": 4.943755762180138,
      "max": 4.943755762180138
    }
  },
  "risk_distribution": {
    "Very Low": 5
  },
  "high_risk_count": 0,
  "model_versions": {
    "claim_probability": "v12",
    "claim_severity": "v9"
  }
}