{
  "prediction_date": "2025-07-12T23:47:22.876362",
  "total_predictions": 5,
  "statistics": {
    "claim_probability": {
      "mean": 0.024341490041372916,
      "std": 0.0,
      "min": 0.024341490041372916,
      "max": 0.024341490041372916,
      "percentiles": {
        "25%": 0.024341490041372916,
        "50%": 0.024341490041372916,
        "75%": 0.024341490041372916,
        "90%": 0.024341490041372916,
        "95%": 0.024341490041372916
      }
    },
    "expected_claim_amount": {
      "mean": 100.01112908144884,
      "std": 0.9483008056157107,
      "min": 98.61134821800513,
      "max": 101.06493389007595,
      "total": 500.05564540724424
    },
    "risk_score": {
      "mean": 4.747424718651146,
      "std": 0.031166565530833162,
      "min": 4.701419947010148,
      "max": 4.782058746620213
    }
  },
  "risk_distribution": {
    "Very Low": 5
  },
  "high_risk_count": 0,
  "model_versions": {
    "claim_probability": "v19",
    "claim_severity": "v15"
  }
}