{
  "prediction_date": "2025-07-12T19:53:11.932457",
  "total_predictions": 5,
  "statistics": {
    "claim_probability": {
      "mean": 0.023504128901736154,
      "std": 0.0,
      "min": 0.023504128901736154,
      "max": 0.023504128901736154,
      "percentiles": {
        "25%": 0.023504128901736154,
        "50%": 0.023504128901736154,
        "75%": 0.023504128901736154,
        "90%": 0.023504128901736154,
        "95%": 0.023504128901736154
      }
    },
    "expected_claim_amount": {
      "mean": 91.56985047526742,
      "std": 0.0,
      "min": 91.56985047526742,
      "max": 91.56985047526742,
      "total": 457.84925237633706
    },
    "risk_score": {
      "mean": 4.526971637656401,
      "std": 0.0,
      "min": 4.526971637656401,
      "max": 4.526971637656401
    }
  },
  "risk_distribution": {
    "Very Low": 5
  },
  "high_risk_count": 0,
  "model_versions": {
    "claim_probability": "v9",
    "claim_severity": "v6"
  }
}